{"memory": "2011", "cpu": {"brand": "Intel(R) Xeon(R) Platinum 8458P", "cores": 176}, "gpu": {"nvidia": {"driver": "535.161.08", "cores": 8, "type": ["NVIDIA H800", "NVIDIA H800", "NVIDIA H800", "NVIDIA H800", "NVIDIA H800", "NVIDIA H800", "NVIDIA H800", "NVIDIA H800"], "memory": ["80", "80", "80", "80", "80", "80", "80", "80"], "cuda": "12.3", "architecture": ["Hopper", "Hopper", "Hopper", "Hopper", "Hopper", "Hopper", "Hopper", "Hopper"], "cudacores": [16896, 16896, 16896, 16896, 16896, 16896, 16896, 16896]}}, "os": "Linux-5.15.0-92-generic-x86_64-with-glibc2.35", "os_pretty_name": "Ubuntu 22.04.3 LTS", "hostname": "pod-longvideo-1-328dc40c-3426-4", "pid": 403029, "cwd": "/opt/huawei/explorer-env/dataset/qjh_train/code/verl-tool", "python": "3.10.0", "python_verbose": "3.10.0 (default, Mar  3 2022, 09:58:08) [GCC 7.5.0]", "executable": "/home/ma-user/anaconda3/envs/verl-tool/bin/python3", "command": "/home/ma-user/anaconda3/envs/verl-tool/lib/python3.10/site-packages/ray/_private/workers/default_worker.py --node-ip-address=10.89.106.133 --node-manager-port=45031 --object-store-name=/tmp/ray/session_2025-11-01_12-43-40_003127_391847/sockets/plasma_store --raylet-name=/tmp/ray/session_2025-11-01_12-43-40_003127_391847/sockets/raylet --redis-address=None --metrics-agent-port=60651 --logging-rotate-bytes=536870912 --logging-rotate-backup-count=5 --runtime-env-agent-port=54893 --gcs-address=10.89.106.133:59306 --session-name=session_2025-11-01_12-43-40_003127_391847 --temp-dir=/tmp/ray --webui=127.0.0.1:8265 --cluster-id=33e029ad906558c78f58ec827b4e8406fc6343495029b95336c14eaf --startup-token=175 --worker-launch-time-ms=1762001025403 --node-id=1c8b4177e0d9facf3d6e113a8b2374f046c3c288452c5db8adb67bfe --runtime-env-hash=-896896458 --enable-resource-isolation=false", "git_remote": null, "git_info": [null, null], "swanlab": {"version": "0.6.10", "_monitor": 5, "logdir": "/opt/huawei/explorer-env/dataset/qjh_train/code/verl-tool/swanlog/run-20251101_124802-04i0adajcnyjvjtoo4s8q"}}